date,sku,warehouse_id,category,on_hand_qty,on_order_qty,avg_sales_7d,avg_sales_30d,demand_volatility_30d,days_of_supply,base_lead_time_days,reliability_score,unit_cost,month,day_of_week,product_name,supplier_id,stockout_risk_score,risk_tier,recommended_action
2023-12-31,SKU0001,1,HomeGoods,253,0,11.857142857142858,11.433333333333334,3.191403683532417,22.128279883381925,17,0.98,26.47,12,6,Popular HomeGoods,5,0.0,Low,Continue routine monitoring
2023-12-31,SKU0001,2,HomeGoods,269,509,17.285714285714285,17.6,3.9269185954348926,15.284090909090908,17,0.98,26.47,12,6,Popular HomeGoods,5,0.0,Low,Continue routine monitoring
2023-12-31,SKU0001,3,HomeGoods,295,760,30.571428571428573,29.366666666666667,8.652220497665912,10.045402951191829,17,0.98,26.47,12,6,Popular HomeGoods,5,0.0,Low,Continue routine monitoring
2023-12-31,SKU0001,4,HomeGoods,643,0,39.285714285714285,39.66666666666666,5.504439169862159,16.210084033613445,17,0.98,26.47,12,6,Popular HomeGoods,5,0.0,Low,Continue routine monitoring
2023-12-31,SKU0002,1,Grocery,0,219,5.714285714285714,11.866666666666667,6.626661578665462,0.0,10,0.94,24.95,12,6,Hold Grocery,2,0.961,High,Review stock and open POs; consider replenishment today
2023-12-31,SKU0002,2,Grocery,81,0,9.428571428571429,7.333333333333333,2.454177765718509,11.045454545454549,10,0.94,24.95,12,6,Hold Grocery,2,0.0,Low,Continue routine monitoring
2023-12-31,SKU0002,3,Grocery,128,0,14.0,13.466666666666669,4.987801210908482,9.504950495049505,10,0.94,24.95,12,6,Hold Grocery,2,0.294,Low,Continue routine monitoring
2023-12-31,SKU0002,4,Grocery,97,522,32.714285714285715,31.33333333333333,5.773502691896263,3.095744680851064,10,0.94,24.95,12,6,Hold Grocery,2,0.701,Medium,Monitor stock and review tomorrow
2023-12-31,SKU0003,1,HomeGoods,171,543,48.142857142857146,53.96666666666667,8.691983358971676,3.168622606547251,9,0.77,49.29,12,6,West HomeGoods,4,0.932,High,Review stock and open POs; consider replenishment today
2023-12-31,SKU0003,2,HomeGoods,0,647,37.85714285714285,37.63333333333333,5.833809504374716,0.0,9,0.77,49.29,12,6,West HomeGoods,4,0.961,High,Review stock and open POs; consider replenishment today
2023-12-31,SKU0003,3,HomeGoods,207,555,35.42857142857143,33.0,6.928203230275446,6.2727272727272725,9,0.77,49.29,12,6,West HomeGoods,4,0.77,Medium,Monitor stock and review tomorrow
2023-12-31,SKU0003,4,HomeGoods,657,0,46.71428571428572,37.0,17.803525416090466,17.756756756756758,9,0.77,49.29,12,6,West HomeGoods,4,0.0,Low,Continue routine monitoring
2023-12-31,SKU0004,1,Toys,199,0,9.428571428571429,13.733333333333333,12.561389483139443,14.490291262135925,10,0.94,23.79,12,6,Full Toys,2,0.0,Low,Continue routine monitoring
2023-12-31,SKU0004,2,Toys,51,94,8.714285714285714,9.1,5.473131865193195,5.604395604395605,10,0.94,23.79,12,6,Full Toys,2,0.133,Low,Continue routine monitoring
2023-12-31,SKU0004,3,Toys,347,0,31.0,35.43333333333333,14.209475549868063,9.793038570084668,10,0.94,23.79,12,6,Full Toys,2,0.0,Low,Continue routine monitoring
2023-12-31,SKU0004,4,Toys,0,742,59.85714285714285,53.5,35.22220107085671,0.0,10,0.94,23.79,12,6,Full Toys,2,0.982,High,Review stock and open POs; consider replenishment today
2023-12-31,SKU0005,1,Toys,366,0,49.42857142857143,57.13333333333333,29.913361486170302,6.406067677946324,6,0.76,54.81,12,6,Behind Toys,7,0.77,Medium,Monitor stock and review tomorrow
2023-12-31,SKU0005,2,Toys,0,360,1.1428571428571428,36.53333333333333,29.334848445719505,0.0,6,0.76,54.81,12,6,Behind Toys,7,0.982,High,Review stock and open POs; consider replenishment today
2023-12-31,SKU0005,3,Toys,26,0,5.428571428571429,5.666666666666667,3.959565748859364,4.588235294117647,6,0.76,54.81,12,6,Behind Toys,7,0.552,Medium,Monitor stock and review tomorrow
2023-12-31,SKU0005,4,Toys,0,262,9.142857142857142,26.2,21.2447153672268,0.0,6,0.76,54.81,12,6,Behind Toys,7,0.982,High,Review stock and open POs; consider replenishment today
2023-12-31,SKU0006,1,Electronics,0,424,37.71428571428572,42.4,26.80144103176748,0.0,6,0.76,302.44,12,6,Since Electronics,7,0.982,High,Review stock and open POs; consider replenishment today
2023-12-31,SKU0006,2,Electronics,108,254,20.857142857142858,31.133333333333333,17.735087632524774,3.468950749464668,6,0.76,302.44,12,6,Since Electronics,7,0.932,High,Review stock and open POs; consider replenishment today
2023-12-31,SKU0006,3,Electronics,0,407,40.57142857142857,29.133333333333333,32.4172509772118,0.0,6,0.76,302.44,12,6,Since Electronics,7,0.982,High,Review stock and open POs; consider replenishment today
2023-12-31,SKU0006,4,Electronics,10,58,6.0,5.466666666666667,4.280938773401134,1.829268292682927,6,0.76,302.44,12,6,Since Electronics,7,0.911,High,Review stock and open POs; consider replenishment today
2023-12-31,SKU0007,1,Electronics,0,1643,8.142857142857142,52.63333333333333,28.23483216040851,0.0,19,0.86,336.99,12,6,Song Electronics,1,0.982,High,Review stock and open POs; consider replenishment today
2023-12-31,SKU0007,2,Electronics,0,369,9.714285714285714,12.3,7.115548782965272,0.0,19,0.86,336.99,12,6,Song Electronics,1,0.961,High,Review stock and open POs; consider replenishment today
2023-12-31,SKU0007,3,Electronics,106,398,18.857142857142858,18.2,5.16219680582492,5.824175824175825,19,0.86,336.99,12,6,Song Electronics,1,0.133,Low,Continue routine monitoring
2023-12-31,SKU0007,4,Electronics,374,655,29.142857142857142,24.8,8.92651996136736,15.080645161290322,19,0.86,336.99,12,6,Song Electronics,1,0.0,Low,Continue routine monitoring
2023-12-31,SKU0008,1,Apparel,207,0,4.285714285714286,7.233333333333333,3.9539010272556574,28.617511520737327,19,0.86,18.91,12,6,Onto Apparel,1,0.0,Low,Continue routine monitoring
2023-12-31,SKU0008,2,Apparel,563,1432,49.71428571428572,46.833333333333336,10.432321569685936,12.02135231316726,19,0.86,18.91,12,6,Onto Apparel,1,0.0,Low,Continue routine monitoring
2023-12-31,SKU0008,3,Apparel,895,0,41.57142857142857,42.66666666666666,8.462221658778427,20.9765625,19,0.86,18.91,12,6,Onto Apparel,1,0.0,Low,Continue routine monitoring
2023-12-31,SKU0008,4,Apparel,47,127,6.285714285714286,4.7,3.2605267186083,10.0,19,0.86,18.91,12,6,Onto Apparel,1,0.0,Low,Continue routine monitoring
2023-12-31,SKU0009,1,Grocery,150,427,51.285714285714285,48.36666666666667,8.892008552175124,3.1013094417643003,6,0.76,10.64,12,6,Spend Grocery,7,0.932,High,Review stock and open POs; consider replenishment today
2023-12-31,SKU0009,2,Grocery,0,273,28.857142857142858,29.933333333333334,5.993866596914622,0.0,6,0.76,10.64,12,6,Spend Grocery,7,0.961,High,Review stock and open POs; consider replenishment today
2023-12-31,SKU0009,3,Grocery,60,384,46.285714285714285,39.833333333333336,24.83890626351764,1.506276150627615,6,0.76,10.64,12,6,Spend Grocery,7,0.911,High,Review stock and open POs; consider replenishment today
2023-12-31,SKU0009,4,Grocery,59,0,5.714285714285714,5.3,3.640291765495048,11.132075471698114,6,0.76,10.64,12,6,Spend Grocery,7,0.0,Low,Continue routine monitoring
2023-12-31,SKU0010,1,Grocery,327,0,25.714285714285715,28.7,14.115655285459876,11.393728222996517,9,0.77,3.68,12,6,Attention Grocery,4,0.0,Low,Continue routine monitoring
2023-12-31,SKU0010,2,Grocery,36,112,10.857142857142858,10.733333333333333,4.6530178070413175,3.354037267080745,9,0.77,3.68,12,6,Attention Grocery,4,0.701,Medium,Monitor stock and review tomorrow
2023-12-31,SKU0010,3,Grocery,14,390,28.428571428571427,27.7,8.387799020827408,0.5054151624548736,9,0.77,3.68,12,6,Attention Grocery,4,0.982,High,Review stock and open POs; consider replenishment today
2023-12-31,SKU0010,4,Grocery,192,0,12.285714285714286,13.2,7.73438359891545,14.545454545454549,9,0.77,3.68,12,6,Attention Grocery,4,0.0,Low,Continue routine monitoring
2023-12-31,SKU0011,1,HomeGoods,402,0,31.714285714285715,28.266666666666666,5.970810222460932,14.221698113207548,10,0.94,51.42,12,6,Nice HomeGoods,2,0.0,Low,Continue routine monitoring
2023-12-31,SKU0011,2,HomeGoods,40,157,10.714285714285714,11.233333333333333,2.762848771346954,3.560830860534125,10,0.94,51.42,12,6,Nice HomeGoods,2,0.701,Medium,Monitor stock and review tomorrow
2023-12-31,SKU0011,3,HomeGoods,135,0,10.857142857142858,10.266666666666667,2.7784060592154374,13.149350649350648,10,0.94,51.42,12,6,Nice HomeGoods,2,0.0,Low,Continue routine monitoring
2023-12-31,SKU0011,4,HomeGoods,65,503,30.571428571428573,30.2,5.397317341305619,2.152317880794702,10,0.94,51.42,12,6,Nice HomeGoods,2,0.911,High,Review stock and open POs; consider replenishment today
2023-12-31,SKU0012,1,Garden,74,205,5.0,5.533333333333333,2.029665053619801,13.373493975903616,6,0.76,36.61,12,6,One Garden,7,0.0,Low,Continue routine monitoring
2023-12-31,SKU0012,2,Garden,196,0,7.285714285714286,7.733333333333333,2.5988503205274904,25.344827586206897,6,0.76,36.61,12,6,One Garden,7,0.0,Low,Continue routine monitoring
2023-12-31,SKU0012,3,Garden,568,0,11.142857142857142,11.633333333333333,3.782749714466657,48.82521489971347,6,0.76,36.61,12,6,One Garden,7,0.0,Low,Continue routine monitoring
2023-12-31,SKU0012,4,Garden,190,0,3.4285714285714284,4.233333333333333,2.207875142230244,44.881889763779526,6,0.76,36.61,12,6,One Garden,7,0.0,Low,Continue routine monitoring
2023-12-31,SKU0013,1,Electronics,0,545,49.285714285714285,54.5,23.69162517532884,0.0,10,0.94,81.72,12,6,Republican Electronics,2,0.982,High,Review stock and open POs; consider replenishment today
2023-12-31,SKU0013,2,Electronics,47,115,9.714285714285714,7.133333333333334,3.83930070260946,6.588785046728972,10,0.94,81.72,12,6,Republican Electronics,2,0.133,Low,Continue routine monitoring
2023-12-31,SKU0013,3,Electronics,0,645,59.42857142857143,60.13333333333333,22.343298514448268,0.0,10,0.94,81.72,12,6,Republican Electronics,2,0.982,High,Review stock and open POs; consider replenishment today
2023-12-31,SKU0013,4,Electronics,337,502,45.0,44.73333333333333,18.558264881240884,7.533532041728763,10,0.94,81.72,12,6,Republican Electronics,2,0.133,Low,Continue routine monitoring
2023-12-31,SKU0014,1,Electronics,57,0,16.0,15.366666666666667,9.182003888166188,3.709327548806941,5,0.94,58.57,12,6,Last Electronics,8,0.932,High,Review stock and open POs; consider replenishment today
2023-12-31,SKU0014,2,Electronics,0,145,20.714285714285715,24.166666666666668,10.174624735377083,0.0,5,0.94,58.57,12,6,Last Electronics,8,0.982,High,Review stock and open POs; consider replenishment today
2023-12-31,SKU0014,3,Electronics,10,210,29.142857142857142,27.666666666666668,13.514572807192918,0.3614457831325301,5,0.94,58.57,12,6,Last Electronics,8,0.982,High,Review stock and open POs; consider replenishment today
2023-12-31,SKU0014,4,Electronics,29,186,26.142857142857142,23.83333333333333,13.774247168447031,1.2167832167832169,5,0.94,58.57,12,6,Last Electronics,8,0.982,High,Review stock and open POs; consider replenishment today
2023-12-31,SKU0015,1,Apparel,5,380,37.85714285714285,33.333333333333336,8.825251127943332,0.15,9,0.77,43.47,12,6,Control Apparel,4,0.982,High,Review stock and open POs; consider replenishment today
2023-12-31,SKU0015,2,Apparel,0,524,43.285714285714285,40.63333333333333,14.191992237813606,0.0,9,0.77,43.47,12,6,Control Apparel,4,0.982,High,Review stock and open POs; consider replenishment today
2023-12-31,SKU0015,3,Apparel,157,423,29.857142857142858,28.03333333333333,8.59624349927636,5.600475624256837,9,0.77,43.47,12,6,Control Apparel,4,0.552,Medium,Monitor stock and review tomorrow
2023-12-31,SKU0015,4,Apparel,550,0,12.857142857142858,32.3,21.78602842380316,17.027863777089784,9,0.77,43.47,12,6,Control Apparel,4,0.0,Low,Continue routine monitoring
2023-12-31,SKU0016,1,Grocery,81,481,35.57142857142857,31.73333333333333,8.157642210637919,2.552521008403361,10,0.77,13.7,12,6,Among Grocery,3,0.932,High,Review stock and open POs; consider replenishment today
2023-12-31,SKU0016,2,Grocery,117,187,11.714285714285714,10.2,4.929852764115984,11.470588235294118,10,0.77,13.7,12,6,Among Grocery,3,0.0,Low,Continue routine monitoring
2023-12-31,SKU0016,3,Grocery,276,643,57.142857142857146,53.86666666666667,10.769475808757084,5.123762376237623,10,0.77,13.7,12,6,Among Grocery,3,0.77,Medium,Monitor stock and review tomorrow
2023-12-31,SKU0016,4,Grocery,24,780,46.71428571428572,44.06666666666667,6.5122342865025225,0.5446293494704992,10,0.77,13.7,12,6,Among Grocery,3,0.961,High,Review stock and open POs; consider replenishment today
2023-12-31,SKU0017,1,Grocery,595,0,38.85714285714285,42.66666666666666,7.92348466240716,13.9453125,10,0.94,16.81,12,6,Operation Grocery,2,0.0,Low,Continue routine monitoring
2023-12-31,SKU0017,2,Grocery,539,0,33.0,36.96666666666667,12.604004107434667,14.580703336339043,10,0.94,16.81,12,6,Operation Grocery,2,0.0,Low,Continue routine monitoring
2023-12-31,SKU0017,3,Grocery,301,0,25.571428571428573,26.566666666666663,4.304635299008559,11.329987452948558,10,0.94,16.81,12,6,Operation Grocery,2,0.0,Low,Continue routine monitoring
2023-12-31,SKU0017,4,Grocery,501,0,39.0,45.333333333333336,10.784194479640645,11.051470588235292,10,0.94,16.81,12,6,Operation Grocery,2,0.0,Low,Continue routine monitoring
2023-12-31,SKU0018,1,Grocery,150,0,11.0,11.966666666666669,4.766863592106143,12.534818941504176,9,0.77,11.68,12,6,Service Grocery,4,0.0,Low,Continue routine monitoring
2023-12-31,SKU0018,2,Grocery,337,787,56.0,43.03333333333333,23.803047230790952,7.831138652207591,9,0.77,11.68,12,6,Service Grocery,4,0.77,Medium,Monitor stock and review tomorrow
2023-12-31,SKU0018,3,Grocery,130,0,8.428571428571429,13.0,7.478705401522288,10.0,9,0.77,11.68,12,6,Service Grocery,4,0.0,Low,Continue routine monitoring
2023-12-31,SKU0018,4,Grocery,97,428,40.0,33.5,19.236728519629605,2.8955223880597014,9,0.77,11.68,12,6,Service Grocery,4,0.932,High,Review stock and open POs; consider replenishment today
2023-12-31,SKU0019,1,Electronics,183,666,30.0,24.33333333333333,12.259643166695849,7.52054794520548,21,0.81,123.64,12,6,Federal Electronics,10,0.133,Low,Continue routine monitoring
2023-12-31,SKU0019,2,Electronics,0,766,0.0,22.633333333333333,16.003196519776143,0.0,21,0.81,123.64,12,6,Federal Electronics,10,0.982,High,Review stock and open POs; consider replenishment today
2023-12-31,SKU0019,3,Electronics,137,279,10.142857142857142,9.533333333333331,4.960070448146347,14.37062937062937,21,0.81,123.64,12,6,Federal Electronics,10,0.0,Low,Continue routine monitoring
2023-12-31,SKU0019,4,Electronics,0,1131,28.0,37.7,15.794259105436238,0.0,21,0.81,123.64,12,6,Federal Electronics,10,0.982,High,Review stock and open POs; consider replenishment today
2023-12-31,SKU0020,1,Garden,256,0,2.0,1.7333333333333334,0.8683449709106772,147.69230769230768,19,0.86,89.83,12,6,Crime Garden,1,0.0,Low,Continue routine monitoring
2023-12-31,SKU0020,2,Garden,412,0,2.4285714285714284,3.1,1.988761527633048,132.90322580645162,19,0.86,89.83,12,6,Crime Garden,1,0.0,Low,Continue routine monitoring
2023-12-31,SKU0020,3,Garden,271,0,4.857142857142857,3.033333333333333,1.8473342085721527,89.34065934065934,19,0.86,89.83,12,6,Crime Garden,1,0.0,Low,Continue routine monitoring
2023-12-31,SKU0020,4,Garden,854,1230,10.142857142857142,11.566666666666666,2.6869202127879994,73.8328530259366,19,0.86,89.83,12,6,Crime Garden,1,0.0,Low,Continue routine monitoring
2023-12-31,SKU0021,1,Apparel,489,0,16.428571428571427,16.466666666666665,4.074591863067353,29.696356275303646,21,0.81,17.74,12,6,Development Apparel,10,0.0,Low,Continue routine monitoring
2023-12-31,SKU0021,2,Apparel,102,859,32.857142857142854,34.8,7.494365699735975,2.931034482758621,21,0.81,17.74,12,6,Development Apparel,10,0.932,High,Review stock and open POs; consider replenishment today
2023-12-31,SKU0021,3,Apparel,0,146,4.0,4.433333333333334,2.1764148522732096,0.0,21,0.81,17.74,12,6,Development Apparel,10,0.961,High,Review stock and open POs; consider replenishment today
2023-12-31,SKU0021,4,Apparel,0,423,12.571428571428571,14.1,8.872079412598168,0.0,21,0.81,17.74,12,6,Development Apparel,10,0.982,High,Review stock and open POs; consider replenishment today
2023-12-31,SKU0022,1,HomeGoods,126,1128,53.0,51.46666666666667,7.379997819518085,2.448186528497409,19,0.86,92.89,12,6,Alone HomeGoods,1,0.932,High,Review stock and open POs; consider replenishment today
2023-12-31,SKU0022,2,HomeGoods,566,0,16.571428571428573,17.5,4.392391540866512,32.34285714285714,19,0.86,92.89,12,6,Alone HomeGoods,1,0.0,Low,Continue routine monitoring
2023-12-31,SKU0022,3,HomeGoods,1150,0,41.71428571428572,42.06666666666667,7.234654786861498,27.337559429477015,19,0.86,92.89,12,6,Alone HomeGoods,1,0.0,Low,Continue routine monitoring
2023-12-31,SKU0022,4,HomeGoods,273,706,20.571428571428573,20.566666666666663,4.789955966490661,13.27390599675851,19,0.86,92.89,12,6,Alone HomeGoods,1,0.0,Low,Continue routine monitoring
2023-12-31,SKU0023,1,Apparel,109,0,2.142857142857143,4.466666666666667,2.9680288749098853,24.402985074626866,17,0.98,19.09,12,6,Dinner Apparel,5,0.0,Low,Continue routine monitoring
2023-12-31,SKU0023,2,Apparel,244,679,32.285714285714285,30.73333333333333,10.010109832093468,7.939262472885033,17,0.98,19.09,12,6,Dinner Apparel,5,0.133,Low,Continue routine monitoring
2023-12-31,SKU0023,3,Apparel,421,726,35.57142857142857,32.4,4.993789246101931,12.993827160493828,17,0.98,19.09,12,6,Dinner Apparel,5,0.0,Low,Continue routine monitoring
2023-12-31,SKU0023,4,Apparel,270,724,26.428571428571427,25.7,6.052357762290548,10.505836575875486,17,0.98,19.09,12,6,Dinner Apparel,5,0.0,Low,Continue routine monitoring
2023-12-31,SKU0024,1,Electronics,0,201,38.285714285714285,40.2,17.825591831351083,0.0,5,0.95,279.53,12,6,Generation Electronics,6,0.982,High,Review stock and open POs; consider replenishment today
2023-12-31,SKU0024,2,Electronics,0,174,24.857142857142858,23.2,10.51239006256836,0.0,5,0.95,279.53,12,6,Generation Electronics,6,0.982,High,Review stock and open POs; consider replenishment today
2023-12-31,SKU0024,3,Electronics,0,223,31.857142857142858,29.73333333333333,12.765614734129734,0.0,5,0.95,279.53,12,6,Generation Electronics,6,0.982,High,Review stock and open POs; consider replenishment today
2023-12-31,SKU0024,4,Electronics,0,67,8.857142857142858,9.366666666666667,5.088752528749127,0.0,5,0.95,279.53,12,6,Generation Electronics,6,0.961,High,Review stock and open POs; consider replenishment today
2023-12-31,SKU0025,1,Garden,772,0,11.285714285714286,12.933333333333334,3.619233423628992,59.69072164948454,10,0.94,40.89,12,6,Edge Garden,2,0.0,Low,Continue routine monitoring
2023-12-31,SKU0025,2,Garden,381,0,6.0,5.333333333333333,2.0733669657618083,71.4375,10,0.94,40.89,12,6,Edge Garden,2,0.0,Low,Continue routine monitoring
2023-12-31,SKU0025,3,Garden,222,437,9.857142857142858,8.733333333333333,3.247633975185581,25.41984732824428,10,0.94,40.89,12,6,Edge Garden,2,0.0,Low,Continue routine monitoring
2023-12-31,SKU0025,4,Garden,181,0,3.857142857142857,3.966666666666667,2.2047493146000123,45.63025210084034,10,0.94,40.89,12,6,Edge Garden,2,0.0,Low,Continue routine monitoring
2023-12-31,SKU0026,1,Electronics,459,0,43.57142857142857,43.7,21.83977706088057,10.503432494279176,9,0.77,104.71,12,6,Account Electronics,4,0.0,Low,Continue routine monitoring
2023-12-31,SKU0026,2,Electronics,143,755,63.57142857142857,61.46666666666667,14.583252873341184,2.32646420824295,9,0.77,104.71,12,6,Account Electronics,4,0.932,High,Review stock and open POs; consider replenishment today
2023-12-31,SKU0026,3,Electronics,53,330,35.142857142857146,31.83333333333333,11.782755761422404,1.6649214659685865,9,0.77,104.71,12,6,Account Electronics,4,0.911,High,Review stock and open POs; consider replenishment today
2023-12-31,SKU0026,4,Electronics,781,0,55.42857142857143,49.4,36.30009024402196,15.809716599190285,9,0.77,104.71,12,6,Account Electronics,4,0.0,Low,Continue routine monitoring
2023-12-31,SKU0027,1,Electronics,0,114,16.285714285714285,19.0,10.811870870674406,0.0,5,0.95,226.4,12,6,Three Electronics,6,0.982,High,Review stock and open POs; consider replenishment today
2023-12-31,SKU0027,2,Electronics,47,180,40.85714285714285,36.6,9.747148124027056,1.2841530054644807,5,0.95,226.4,12,6,Three Electronics,6,0.911,High,Review stock and open POs; consider replenishment today
2023-12-31,SKU0027,3,Electronics,207,0,45.285714285714285,36.766666666666666,24.26247753408449,5.630099728014506,5,0.95,226.4,12,6,Three Electronics,6,0.133,Low,Continue routine monitoring
2023-12-31,SKU0027,4,Electronics,124,0,31.428571428571427,32.03333333333333,16.977639113995146,3.870967741935484,5,0.95,226.4,12,6,Three Electronics,6,0.546,Medium,Monitor stock and review tomorrow
2023-12-31,SKU0028,1,Toys,304,622,28.714285714285715,21.9,12.581732790041288,13.881278538812786,21,0.81,34.46,12,6,Moment Toys,10,0.0,Low,Continue routine monitoring
2023-12-31,SKU0028,2,Toys,310,0,15.142857142857142,17.4,11.574645298803052,17.81609195402299,21,0.81,34.46,12,6,Moment Toys,10,0.0,Low,Continue routine monitoring
2023-12-31,SKU0028,3,Toys,94,717,47.42857142857143,34.36666666666667,22.908338089503324,2.735208535402522,21,0.81,34.46,12,6,Moment Toys,10,0.932,High,Review stock and open POs; consider replenishment today
2023-12-31,SKU0028,4,Toys,0,317,0.0,10.566666666666666,9.9643617832316,0.0,21,0.81,34.46,12,6,Moment Toys,10,0.982,High,Review stock and open POs; consider replenishment today
2023-12-31,SKU0029,1,Grocery,486,0,46.285714285714285,46.4,7.915937655484484,10.474137931034482,10,0.77,21.14,12,6,Treat Grocery,3,0.0,Low,Continue routine monitoring
2023-12-31,SKU0029,2,Grocery,19,115,9.571428571428571,9.533333333333331,2.9796242916750773,1.993006993006993,10,0.77,21.14,12,6,Treat Grocery,3,0.911,High,Review stock and open POs; consider replenishment today
2023-12-31,SKU0029,3,Grocery,248,0,3.571428571428572,17.766666666666666,12.95797805995591,13.958724202626644,10,0.77,21.14,12,6,Treat Grocery,3,0.0,Low,Continue routine monitoring
2023-12-31,SKU0029,4,Grocery,304,482,45.142857142857146,45.56666666666667,7.802224852160988,6.671543525969275,10,0.77,21.14,12,6,Treat Grocery,3,0.77,Medium,Monitor stock and review tomorrow
2023-12-31,SKU0030,1,Grocery,74,268,18.714285714285715,17.133333333333333,4.84044265098464,4.319066147859922,10,0.77,6.21,12,6,Much Grocery,3,0.552,Medium,Monitor stock and review tomorrow
2023-12-31,SKU0030,2,Grocery,85,0,4.428571428571429,4.933333333333334,2.8759805923921147,17.22972972972973,10,0.77,6.21,12,6,Much Grocery,3,0.0,Low,Continue routine monitoring
2023-12-31,SKU0030,3,Grocery,28,174,10.142857142857142,12.266666666666667,4.600849496772747,2.282608695652174,10,0.77,6.21,12,6,Much Grocery,3,0.911,High,Review stock and open POs; consider replenishment today
2023-12-31,SKU0030,4,Grocery,103,526,40.42857142857143,31.633333333333333,15.228112236874614,3.256059009483667,10,0.77,6.21,12,6,Much Grocery,3,0.932,High,Review stock and open POs; consider replenishment today
2023-12-31,SKU0031,1,Garden,1610,0,15.285714285714286,16.066666666666666,3.2476339751850385,100.20746887966806,21,0.81,82.67,12,6,Care Garden,10,0.0,Low,Continue routine monitoring
2023-12-31,SKU0031,2,Garden,1327,0,9.571428571428571,10.433333333333334,3.114851336833837,127.18849840255592,21,0.81,82.67,12,6,Care Garden,10,0.0,Low,Continue routine monitoring
2023-12-31,SKU0031,3,Garden,1674,0,11.0,11.266666666666667,3.393028688083744,148.57988165680473,21,0.81,82.67,12,6,Care Garden,10,0.0,Low,Continue routine monitoring
2023-12-31,SKU0031,4,Garden,2690,0,16.428571428571427,15.4,3.001149205175357,174.67532467532467,21,0.81,82.67,12,6,Care Garden,10,0.0,Low,Continue routine monitoring
2023-12-31,SKU0032,1,Apparel,61,157,10.714285714285714,9.566666666666666,4.057205878462407,6.37630662020906,10,0.77,45.72,12,6,Pass Apparel,3,0.552,Medium,Monitor stock and review tomorrow
2023-12-31,SKU0032,2,Apparel,165,315,23.428571428571427,23.2,5.040525424172017,7.112068965517242,10,0.77,45.72,12,6,Pass Apparel,3,0.552,Medium,Monitor stock and review tomorrow
2023-12-31,SKU0032,3,Apparel,21,751,52.42857142857143,49.36666666666667,16.155458847544768,0.425388251181634,10,0.77,45.72,12,6,Pass Apparel,3,0.982,High,Review stock and open POs; consider replenishment today
2023-12-31,SKU0032,4,Apparel,207,496,37.42857142857143,27.166666666666668,16.528102157221205,7.61963190184049,10,0.77,45.72,12,6,Pass Apparel,3,0.77,Medium,Monitor stock and review tomorrow
2023-12-31,SKU0033,1,HomeGoods,1148,0,45.142857142857146,43.36666666666667,6.3652252084292575,26.47194465795542,19,0.89,99.91,12,6,Live HomeGoods,9,0.0,Low,Continue routine monitoring
2023-12-31,SKU0033,2,HomeGoods,479,0,22.142857142857142,23.4,5.430437843527306,20.470085470085472,19,0.89,99.91,12,6,Live HomeGoods,9,0.0,Low,Continue routine monitoring
2023-12-31,SKU0033,3,HomeGoods,381,533,21.571428571428573,23.266666666666666,5.238671411810386,16.375358166189113,19,0.89,99.91,12,6,Live HomeGoods,9,0.0,Low,Continue routine monitoring
2023-12-31,SKU0033,4,HomeGoods,479,0,25.428571428571427,24.83333333333333,5.93692904090845,19.288590604026847,19,0.89,99.91,12,6,Live HomeGoods,9,0.0,Low,Continue routine monitoring
2023-12-31,SKU0034,1,Apparel,93,461,47.285714285714285,44.96666666666667,9.79614045510226,2.0681986656782803,6,0.76,43.72,12,6,Hair Apparel,7,0.911,High,Review stock and open POs; consider replenishment today
2023-12-31,SKU0034,2,Apparel,18,139,20.285714285714285,21.9,6.310090441452481,0.8219178082191781,6,0.76,43.72,12,6,Hair Apparel,7,0.961,High,Review stock and open POs; consider replenishment today
2023-12-31,SKU0034,3,Apparel,28,247,27.285714285714285,25.633333333333333,7.716901885643222,1.092327698309493,6,0.76,43.72,12,6,Hair Apparel,7,0.982,High,Review stock and open POs; consider replenishment today
2023-12-31,SKU0034,4,Apparel,122,0,22.0,22.3,4.542139857243376,5.47085201793722,6,0.76,43.72,12,6,Hair Apparel,7,0.552,Medium,Monitor stock and review tomorrow
2023-12-31,SKU0035,1,Grocery,24,0,2.7142857142857144,3.5,2.5964166288068693,6.857142857142857,6,0.76,15.88,12,6,Cause Grocery,7,0.552,Medium,Monitor stock and review tomorrow
2023-12-31,SKU0035,2,Grocery,59,363,52.0,54.1,8.048773733972784,1.090573012939002,6,0.76,15.88,12,6,Cause Grocery,7,0.982,High,Review stock and open POs; consider replenishment today
2023-12-31,SKU0035,3,Grocery,100,0,20.428571428571427,20.0,3.956661776522386,5.0,6,0.76,15.88,12,6,Cause Grocery,7,0.552,Medium,Monitor stock and review tomorrow
2023-12-31,SKU0035,4,Grocery,0,149,15.571428571428571,14.5,3.607941432355928,0.0,6,0.76,15.88,12,6,Cause Grocery,7,0.961,High,Review stock and open POs; consider replenishment today
2023-12-31,SKU0036,1,Electronics,942,0,66.85714285714286,55.333333333333336,24.67350014074613,17.02409638554217,19,0.86,72.19,12,6,Type Electronics,1,0.0,Low,Continue routine monitoring
2023-12-31,SKU0036,2,Electronics,603,1342,62.142857142857146,47.06666666666667,27.44138999864022,12.811614730878189,19,0.86,72.19,12,6,Type Electronics,1,0.0,Low,Continue routine monitoring
2023-12-31,SKU0036,3,Electronics,0,612,34.285714285714285,32.833333333333336,12.860212186090276,0.0,19,0.86,72.19,12,6,Type Electronics,1,0.982,High,Review stock and open POs; consider replenishment today
2023-12-31,SKU0036,4,Electronics,214,529,33.57142857142857,17.533333333333335,16.943584552014496,12.205323193916348,19,0.86,72.19,12,6,Type Electronics,1,0.0,Low,Continue routine monitoring
2023-12-31,SKU0037,1,Toys,21,247,25.571428571428573,20.6,11.484922649972976,1.019417475728155,9,0.77,67.57,12,6,Later Toys,4,0.982,High,Review stock and open POs; consider replenishment today
2023-12-31,SKU0037,2,Toys,46,596,63.71428571428572,51.56666666666667,25.44728605993358,0.8920491273432449,9,0.77,67.57,12,6,Later Toys,4,0.982,High,Review stock and open POs; consider replenishment today
2023-12-31,SKU0037,3,Toys,0,147,4.142857142857143,10.533333333333331,7.224161248693615,0.0,9,0.77,67.57,12,6,Later Toys,4,0.961,High,Review stock and open POs; consider replenishment today
2023-12-31,SKU0037,4,Toys,533,0,59.142857142857146,64.5,27.687604596206267,8.263565891472869,9,0.77,67.57,12,6,Later Toys,4,0.0,Low,Continue routine monitoring
2023-12-31,SKU0038,1,HomeGoods,626,0,39.0,39.16666666666666,8.440801291156024,15.982978723404257,17,0.98,110.12,12,6,Foot HomeGoods,5,0.0,Low,Continue routine monitoring
2023-12-31,SKU0038,2,HomeGoods,29,820,38.0,40.23333333333333,7.546103508494868,0.7207953603976802,17,0.98,110.12,12,6,Foot HomeGoods,5,0.961,High,Review stock and open POs; consider replenishment today
2023-12-31,SKU0038,3,HomeGoods,156,269,11.857142857142858,11.133333333333333,3.857221917331191,14.011976047904191,17,0.98,110.12,12,6,Foot HomeGoods,5,0.0,Low,Continue routine monitoring
2023-12-31,SKU0038,4,HomeGoods,221,523,24.142857142857142,23.23333333333333,4.3206268170201865,9.51219512195122,17,0.98,110.12,12,6,Foot HomeGoods,5,0.0,Low,Continue routine monitoring
2023-12-31,SKU0039,1,Grocery,343,1024,39.142857142857146,36.333333333333336,7.489456190070718,9.440366972477063,21,0.81,20.95,12,6,Feel Grocery,10,0.0,Low,Continue routine monitoring
2023-12-31,SKU0039,2,Grocery,874,1635,48.0,46.3,17.194927078687485,18.87688984881209,21,0.81,20.95,12,6,Feel Grocery,10,0.0,Low,Continue routine monitoring
2023-12-31,SKU0039,3,Grocery,182,398,15.714285714285714,16.633333333333333,3.528048530956138,10.94188376753507,21,0.81,20.95,12,6,Feel Grocery,10,0.0,Low,Continue routine monitoring
2023-12-31,SKU0039,4,Grocery,148,0,2.2857142857142856,4.766666666666667,3.103761159195941,31.04895104895105,21,0.81,20.95,12,6,Feel Grocery,10,0.0,Low,Continue routine monitoring
2023-12-31,SKU0040,1,Grocery,763,0,48.142857142857146,51.06666666666667,9.369552056908876,14.941253263707573,10,0.77,8.75,12,6,Produce Grocery,3,0.0,Low,Continue routine monitoring
2023-12-31,SKU0040,2,Grocery,92,230,19.428571428571427,12.266666666666667,8.53767849142778,7.499999999999999,10,0.77,8.75,12,6,Produce Grocery,3,0.552,Medium,Monitor stock and review tomorrow
2023-12-31,SKU0040,3,Grocery,357,646,51.42857142857143,51.3,6.176429054240565,6.959064327485381,10,0.77,8.75,12,6,Produce Grocery,3,0.77,Medium,Monitor stock and review tomorrow
2023-12-31,SKU0040,4,Grocery,0,784,37.85714285714285,41.46666666666667,17.21012799915005,0.0,10,0.77,8.75,12,6,Produce Grocery,3,0.982,High,Review stock and open POs; consider replenishment today
